name,tags,min_budget,max_budget,duration_hours,suitable_for,description
Desert Safari,"adventure,outdoor,desert",300,700,6,"family,couple,friends","Dune‑bashing, camel rides, traditional dinner under the stars."
JBR Beach Day,"beach,outdoor,relaxation",0,100,5,"family,couple,friends",Relax on sands and enjoy water sports at JBR Beach.
Motiongate Dubai,"theme‑park,Hollywood,rides",150,350,6,"family,friends",Hollywood‑inspired rides and shows at Dubai Parks and Resorts.
Dubai Museum Tour,"culture,museum,historical",50,150,2,"family,couple,solo",Explore Al Fahidi Fort history exhibitions.
Dubai Aquarium & Underwater Zoo,"marine,indoor,family",100,250,3,"family,couple,solo","See sharks, rays, and marine life within Dubai Mall."
Dubai Frame,"culture,view,architecture",50,100,1,"solo,family,couple",Unifies old and new Dubai in a giant frame.
JBR Beach Day,"beach,outdoor,relaxation",0,100,5,"family,couple,friends",Relax on sands and enjoy water sports at JBR Beach.
Burj Khalifa Observation Deck,"view,landmark,skyline",150,400,2,"couple,family,solo",Panoramic city views from the world’s tallest building.
Motiongate Dubai,"theme‑park,Hollywood,rides",150,350,6,"family,friends",Hollywood‑inspired rides and shows at Dubai Parks and Resorts.
Motiongate Dubai,"theme‑park,Hollywood,rides",150,350,6,"family,friends",Hollywood‑inspired rides and shows at Dubai Parks and Resorts.
Dubai Museum Tour,"culture,museum,historical",50,150,2,"family,couple,solo",Explore Al Fahidi Fort history exhibitions.
Dubai Frame,"culture,view,architecture",50,100,1,"solo,family,couple",Unifies old and new Dubai in a giant frame.
Dubai Museum Tour,"culture,museum,historical",50,150,2,"family,couple,solo",Explore Al Fahidi Fort history exhibitions.
Ski Dubai,"adventure,indoor,snow",200,350,3,"family,kids,friends","Indoor ski slopes, snow park and penguin encounter."
Dubai Marina Dhow Cruise,"romantic,view,water",100,200,2,"couple,friends",Dinner or sightseeing cruise along Marina waters.
Desert Safari,"adventure,outdoor,desert",300,700,6,"family,couple,friends","Dune‑bashing, camel rides, traditional dinner under the stars."
Dubai Marina Dhow Cruise,"romantic,view,water",100,200,2,"couple,friends",Dinner or sightseeing cruise along Marina waters.
Dubai Frame,"culture,view,architecture",50,100,1,"solo,family,couple",Unifies old and new Dubai in a giant frame.
JBR Beach Day,"beach,outdoor,relaxation",0,100,5,"family,couple,friends",Relax on sands and enjoy water sports at JBR Beach.
Motiongate Dubai,"theme‑park,Hollywood,rides",150,350,6,"family,friends",Hollywood‑inspired rides and shows at Dubai Parks and Resorts.
Motiongate Dubai,"theme‑park,Hollywood,rides",150,350,6,"family,friends",Hollywood‑inspired rides and shows at Dubai Parks and Resorts.
Legoland Dubai,"family,theme‑park,interactive",295,500,5,"family,kids","Rides, shows and attractions themed around Lego."
Dubai Museum Tour,"culture,museum,historical",50,150,2,"family,couple,solo",Explore Al Fahidi Fort history exhibitions.
Legoland Dubai,"family,theme‑park,interactive",295,500,5,"family,kids","Rides, shows and attractions themed around Lego."
Dubai Marina Dhow Cruise,"romantic,view,water",100,200,2,"couple,friends",Dinner or sightseeing cruise along Marina waters.
Legoland Dubai,"family,theme‑park,interactive",295,500,5,"family,kids","Rides, shows and attractions themed around Lego."
Dubai Butterfly Garden,"nature,floral,educational",70,150,1.5,"family,kids,adults",Indoor domes filled with thousands of butterflies.
Dubai Marina Dhow Cruise,"romantic,view,water",100,200,2,"couple,friends",Dinner or sightseeing cruise along Marina waters.
JBR Beach Day,"beach,outdoor,relaxation",0,100,5,"family,couple,friends",Relax on sands and enjoy water sports at JBR Beach.
Burj Khalifa Observation Deck,"view,landmark,skyline",150,400,2,"couple,family,solo",Panoramic city views from the world’s tallest building.
Legoland Dubai,"family,theme‑park,interactive",295,500,5,"family,kids","Rides, shows and attractions themed around Lego."
Dubai Frame,"culture,view,architecture",50,100,1,"solo,family,couple",Unifies old and new Dubai in a giant frame.
Motiongate Dubai,"theme‑park,Hollywood,rides",150,350,6,"family,friends",Hollywood‑inspired rides and shows at Dubai Parks and Resorts.
Dubai Museum Tour,"culture,museum,historical",50,150,2,"family,couple,solo",Explore Al Fahidi Fort history exhibitions.
JBR Beach Day,"beach,outdoor,relaxation",0,100,5,"family,couple,friends",Relax on sands and enjoy water sports at JBR Beach.
JBR Beach Day,"beach,outdoor,relaxation",0,100,5,"family,couple,friends",Relax on sands and enjoy water sports at JBR Beach.
Dubai Frame,"culture,view,architecture",50,100,1,"solo,family,couple",Unifies old and new Dubai in a giant frame.
Dubai Aquarium & Underwater Zoo,"marine,indoor,family",100,250,3,"family,couple,solo","See sharks, rays, and marine life within Dubai Mall."
Motiongate Dubai,"theme‑park,Hollywood,rides",150,350,6,"family,friends",Hollywood‑inspired rides and shows at Dubai Parks and Resorts.
JBR Beach Day,"beach,outdoor,relaxation",0,100,5,"family,couple,friends",Relax on sands and enjoy water sports at JBR Beach.
JBR Beach Day,"beach,outdoor,relaxation",0,100,5,"family,couple,friends",Relax on sands and enjoy water sports at JBR Beach.
JBR Beach Day,"beach,outdoor,relaxation",0,100,5,"family,couple,friends",Relax on sands and enjoy water sports at JBR Beach.
Dubai Museum Tour,"culture,museum,historical",50,150,2,"family,couple,solo",Explore Al Fahidi Fort history exhibitions.
Dubai Marina Dhow Cruise,"romantic,view,water",100,200,2,"couple,friends",Dinner or sightseeing cruise along Marina waters.
Burj Khalifa Observation Deck,"view,landmark,skyline",150,400,2,"couple,family,solo",Panoramic city views from the world’s tallest building.
JBR Beach Day,"beach,outdoor,relaxation",0,100,5,"family,couple,friends",Relax on sands and enjoy water sports at JBR Beach.
Dubai Butterfly Garden,"nature,floral,educational",70,150,1.5,"family,kids,adults",Indoor domes filled with thousands of butterflies.
Ski Dubai,"adventure,indoor,snow",200,350,3,"family,kids,friends","Indoor ski slopes, snow park and penguin encounter."
Desert Safari,"adventure,outdoor,desert",300,700,6,"family,couple,friends","Dune‑bashing, camel rides, traditional dinner under the stars."
Dubai Butterfly Garden,"nature,floral,educational",70,150,1.5,"family,kids,adults",Indoor domes filled with thousands of butterflies.
Legoland Dubai,"family,theme‑park,interactive",295,500,5,"family,kids","Rides, shows and attractions themed around Lego."
Motiongate Dubai,"theme‑park,Hollywood,rides",150,350,6,"family,friends",Hollywood‑inspired rides and shows at Dubai Parks and Resorts.
Dubai Frame,"culture,view,architecture",50,100,1,"solo,family,couple",Unifies old and new Dubai in a giant frame.
Dubai Frame,"culture,view,architecture",50,100,1,"solo,family,couple",Unifies old and new Dubai in a giant frame.
Dubai Frame,"culture,view,architecture",50,100,1,"solo,family,couple",Unifies old and new Dubai in a giant frame.
Motiongate Dubai,"theme‑park,Hollywood,rides",150,350,6,"family,friends",Hollywood‑inspired rides and shows at Dubai Parks and Resorts.
Legoland Dubai,"family,theme‑park,interactive",295,500,5,"family,kids","Rides, shows and attractions themed around Lego."
Dubai Museum Tour,"culture,museum,historical",50,150,2,"family,couple,solo",Explore Al Fahidi Fort history exhibitions.
Dubai Marina Dhow Cruise,"romantic,view,water",100,200,2,"couple,friends",Dinner or sightseeing cruise along Marina waters.
JBR Beach Day,"beach,outdoor,relaxation",0,100,5,"family,couple,friends",Relax on sands and enjoy water sports at JBR Beach.
Dubai Museum Tour,"culture,museum,historical",50,150,2,"family,couple,solo",Explore Al Fahidi Fort history exhibitions.
Dubai Marina Dhow Cruise,"romantic,view,water",100,200,2,"couple,friends",Dinner or sightseeing cruise along Marina waters.
JBR Beach Day,"beach,outdoor,relaxation",0,100,5,"family,couple,friends",Relax on sands and enjoy water sports at JBR Beach.
Motiongate Dubai,"theme‑park,Hollywood,rides",150,350,6,"family,friends",Hollywood‑inspired rides and shows at Dubai Parks and Resorts.
Burj Khalifa Observation Deck,"view,landmark,skyline",150,400,2,"couple,family,solo",Panoramic city views from the world’s tallest building.
Dubai Museum Tour,"culture,museum,historical",50,150,2,"family,couple,solo",Explore Al Fahidi Fort history exhibitions.
Dubai Butterfly Garden,"nature,floral,educational",70,150,1.5,"family,kids,adults",Indoor domes filled with thousands of butterflies.
Dubai Frame,"culture,view,architecture",50,100,1,"solo,family,couple",Unifies old and new Dubai in a giant frame.
Burj Khalifa Observation Deck,"view,landmark,skyline",150,400,2,"couple,family,solo",Panoramic city views from the world’s tallest building.
Dubai Frame,"culture,view,architecture",50,100,1,"solo,family,couple",Unifies old and new Dubai in a giant frame.
Burj Khalifa Observation Deck,"view,landmark,skyline",150,400,2,"couple,family,solo",Panoramic city views from the world’s tallest building.
Motiongate Dubai,"theme‑park,Hollywood,rides",150,350,6,"family,friends",Hollywood‑inspired rides and shows at Dubai Parks and Resorts.
Motiongate Dubai,"theme‑park,Hollywood,rides",150,350,6,"family,friends",Hollywood‑inspired rides and shows at Dubai Parks and Resorts.
JBR Beach Day,"beach,outdoor,relaxation",0,100,5,"family,couple,friends",Relax on sands and enjoy water sports at JBR Beach.
Burj Khalifa Observation Deck,"view,landmark,skyline",150,400,2,"couple,family,solo",Panoramic city views from the world’s tallest building.
JBR Beach Day,"beach,outdoor,relaxation",0,100,5,"family,couple,friends",Relax on sands and enjoy water sports at JBR Beach.
JBR Beach Day,"beach,outdoor,relaxation",0,100,5,"family,couple,friends",Relax on sands and enjoy water sports at JBR Beach.
JBR Beach Day,"beach,outdoor,relaxation",0,100,5,"family,couple,friends",Relax on sands and enjoy water sports at JBR Beach.
Dubai Museum Tour,"culture,museum,historical",50,150,2,"family,couple,solo",Explore Al Fahidi Fort history exhibitions.
Dubai Butterfly Garden,"nature,floral,educational",70,150,1.5,"family,kids,adults",Indoor domes filled with thousands of butterflies.
Dubai Marina Dhow Cruise,"romantic,view,water",100,200,2,"couple,friends",Dinner or sightseeing cruise along Marina waters.
Dubai Butterfly Garden,"nature,floral,educational",70,150,1.5,"family,kids,adults",Indoor domes filled with thousands of butterflies.
Dubai Marina Dhow Cruise,"romantic,view,water",100,200,2,"couple,friends",Dinner or sightseeing cruise along Marina waters.
Dubai Frame,"culture,view,architecture",50,100,1,"solo,family,couple",Unifies old and new Dubai in a giant frame.
Dubai Butterfly Garden,"nature,floral,educational",70,150,1.5,"family,kids,adults",Indoor domes filled with thousands of butterflies.
Dubai Aquarium & Underwater Zoo,"marine,indoor,family",100,250,3,"family,couple,solo","See sharks, rays, and marine life within Dubai Mall."
Ski Dubai,"adventure,indoor,snow",200,350,3,"family,kids,friends","Indoor ski slopes, snow park and penguin encounter."
Dubai Marina Dhow Cruise,"romantic,view,water",100,200,2,"couple,friends",Dinner or sightseeing cruise along Marina waters.
Legoland Dubai,"family,theme‑park,interactive",295,500,5,"family,kids","Rides, shows and attractions themed around Lego."
Legoland Dubai,"family,theme‑park,interactive",295,500,5,"family,kids","Rides, shows and attractions themed around Lego."
Burj Khalifa Observation Deck,"view,landmark,skyline",150,400,2,"couple,family,solo",Panoramic city views from the world’s tallest building.
Motiongate Dubai,"theme‑park,Hollywood,rides",150,350,6,"family,friends",Hollywood‑inspired rides and shows at Dubai Parks and Resorts.
Dubai Butterfly Garden,"nature,floral,educational",70,150,1.5,"family,kids,adults",Indoor domes filled with thousands of butterflies.
Desert Safari,"adventure,outdoor,desert",300,700,6,"family,couple,friends","Dune‑bashing, camel rides, traditional dinner under the stars."
Motiongate Dubai,"theme‑park,Hollywood,rides",150,350,6,"family,friends",Hollywood‑inspired rides and shows at Dubai Parks and Resorts.
Dubai Aquarium & Underwater Zoo,"marine,indoor,family",100,250,3,"family,couple,solo","See sharks, rays, and marine life within Dubai Mall."
Dubai Frame,"culture,view,architecture",50,100,1,"solo,family,couple",Unifies old and new Dubai in a giant frame.
Legoland Dubai,"family,theme‑park,interactive",295,500,5,"family,kids","Rides, shows and attractions themed around Lego."
Burj Khalifa Observation Deck,"view,landmark,skyline",150,400,2,"couple,family,solo",Panoramic city views from the world’s tallest building.
Ski Dubai,"adventure,indoor,snow",200,350,3,"family,kids,friends","Indoor ski slopes, snow park and penguin encounter."
